index,days_to_adopt
count,13961.0
mean,76.42804956664996
std,140.88994057927601
min,0.0
25%,0.0
50%,0.0
75%,97.0
max,708.0
