is_account_churned,accounts,avg_current_mrr,avg_lifetime_value,avg_health
False,183,17457.956284153006,24042.182432432433,0.45450317606977814
True,352,0.0,24405.289772727272,0.4899782218863249
