index,total_mrr
count,148.0
mean,21586.527027027027
std,17351.3307080293
min,779.0
25%,10695.0
50%,16964.5
75%,26532.25
max,114777.0
