customer_segment,accounts,total_mrr,avg_health
Enterprise,116,2997090.0,0.4998171326496407
Mid-Market,30,195023.0,0.4551719373482158
SMB,389,2693.0,0.473039768166969
