index,lifetime_aov
count,500.0
mean,2268.2577196881894
std,1604.261330981798
min,95.0
25%,1256.125
50%,1923.787878787879
75%,2804.18125
max,13806.0
