customer_segment,avg_lifetime_gross_mrr,avg_months_active,account_count
Enterprise,28577.112068965518,23.166954022988506,116
Mid-Market,7913.366666666667,22.912222222222223,30
SMB,24284.064971751413,22.80351328191945,389
