is_churned,subscriptions,avg_mrr,median_age
False,1430,2234.13006993007,431.0
True,3920,2284.2089285714287,136.0
