is_churned,count,mean,std,min,25%,50%,75%,max
False,1430.0,437.74545454545455,229.80486648202324,30.0,367.0,431.0,565.0,1074.0
True,3920.0,209.847193877551,193.79188340135957,0.0,30.0,136.0,377.0,898.0
