index,mrr_clean
count,5350.0
mean,2270.8233644859815
std,3423.314384569298
min,0.0
25%,294.0
50%,931.0
75%,2786.0
max,33830.0
