plan_tier,subscriptions,total_mrr,avg_mrr
Basic,1707,820572.0,480.7100175746924
Enterprise,1846,9082957.0,4920.345070422535
Pro,1796,2245376.0,1250.2093541202673
Trial,1,0.0,0.0
