is_top_decile,subscriptions,total_mrr,churn_rate
False,4814,6433615.0,0.7320315745741587
True,536,5715290.0,0.7388059701492538
